game,participant_count
2112td-tower-defense-survival,4
a-few-quick-matches,5
adventure-star-roll-of-fate,4
aether-arena-rivals-of-the-abyss,3
ao-oni-the-mansions-shadow,3
arena-reckoning-pixel-horde,2
battle-royale-fps-arena,4
blades-of-brim-clone,2
blue-revolver-system-breach,4
bounce-collect,5
carrion-reverse-horror,4
chromatic-ascent,4
color-road-3d,4
easy-delivery-co,4
glow-puzzle,5
helix-jump-3d,2
heroic-impact-arena,4
jelly-jump-3d,4
jump-king-legend,4
kingdom-crashers,4
knife-master-challenge,3
logic-is-you,4
love-conquers-all,4
neon-brick-breaker,5
neon-snake-breaker,4
octagon-1-maximal-challenge,2
pixel-drift-race,4
pogo-punk-3d,4
pool-challenge,5
primate-patrol,4
red-hot-vengeance-web-edition,5
rhythm-runner,5
ridiculous-fishing-p5js,4
sanctuary-quest,5
shadow-blade-ascent,5
shadow-boy,4
shadow-takedown-ninja-stealth,4
shawarma-stack,4
snakeio,4
subway_3d,2
tenten-trials,5
tilt-roller,5
timberman-clone,5
tower-destiny-survive,4
traffic-jam,5
tumble-guys,5
twist-jump-3d,4
ultrakill-lite,5
untitled-goose-clone,4
voxelcraft,4
webfishing-sim,1
wenjia-dimensional-spirit-rescue,5
wild-arena,4
worms-zone-hungry-snake-arena,5
zigzag-infinity,4
